{"cameraMode":{"drawMode":0,"name":"Shaded","section":"Shading Mode"},"sceneLighting":true,"audioPlay":false,"sceneViewState":{"m_AlwaysRefresh":false,"showFog":true,"showSkybox":true,"showFlares":true,"showImageEffects":true,"showParticleSystems":true,"showVisualEffectGraphs":true,"m_FxEnabled":true},"in2DMode":false,"pivot":{"x":-7.9344611167907719,"y":-42.932857513427737,"z":313.61932373046877},"rotation":{"x":0.1642867922782898,"y":0.02243167534470558,"z":-0.005535731557756662,"w":0.986712634563446},"size":92.01470947265625,"orthographic":false}