{"cameraMode":{"drawMode":0,"name":"Shaded","section":"Shading Mode"},"sceneLighting":false,"audioPlay":false,"sceneViewState":{"m_AlwaysRefresh":false,"showFog":true,"showSkybox":false,"showFlares":true,"showImageEffects":true,"showParticleSystems":true,"showVisualEffectGraphs":true,"m_FxEnabled":true},"in2DMode":false,"pivot":{"x":0.055889010429382327,"y":0.619384765625,"z":2.3280911445617677},"rotation":{"x":0.007717306725680828,"y":-0.9572946429252625,"z":0.28981834650039675,"w":0.014188598841428757},"size":1.058486819267273,"orthographic":false}